Name,Location,Experience,Languages,Practice Areas,About,Court,Profile Link
Abhishek Malhotra,"Ludhiana, Punjab",13,"Punjabi, Hindi, English","Corporate Law, Arbitration, Civil Litigation","Handles corporate disputes and arbitration, quick resolutions.",Punjab and Haryana High Court,https://lawrato.com/advocate-abhishek-malhotra
Abhishek Malhotra,"Ludhiana, Punjab",13,"Punjabi, Hindi, English","Corporate Law, Arbitration, Civil Litigation","Handles corporate disputes and arbitration, quick resolutions.",Punjab and Haryana High Court,https://lawrato.com/advocate-abhishek-malhotra
Ajay Mishra,"Ranchi, Jharkhand",14,"Hindi, English","Criminal Law, Consumer Protection, Civil Litigation",Effective handling of criminal and consumer protection cases.,Jharkhand High Court,https://lawrato.com/advocate-ajay-mishra
Aliya Durafshan,"High Court, Delhi",,,"Supreme Court, Criminal, Civil, Family",Trained to present cases effectively in court,"Supreme Court of India, Delhi High Court",https://lawrato.com/advocate-aliya-durafshan
Amit Khanna,New Delhi,17,"Hindi, English","Corporate Law, Intellectual Property, Arbitration","Experienced in corporate legal matters, IP rights, arbitration.",Delhi High Court,https://lawrato.com/advocate-amit-khanna
Amit Khanna,New Delhi,17,"Hindi, English","Corporate Law, Intellectual Property, Arbitration","Experienced in corporate legal matters, IP rights, arbitration.",Delhi High Court,https://lawrato.com/advocate-amit-khanna
Ananya Roy,"Kolkata, West Bengal",12,"Bengali, English, Hindi","Family Law, Civil Litigation, Consumer Protection","Legal support in family and civil cases, client-centered approach.",Calcutta High Court,https://lawrato.com/advocate-ananya-roy
Ananya Roy,"Kolkata, West Bengal",12,"Bengali, English, Hindi","Family Law, Civil Litigation, Consumer Protection","Legal support in family and civil cases, client-centered approach.",Calcutta High Court,https://lawrato.com/advocate-ananya-roy
Anil Kumar,"Hyderabad, Telangana",22,"Telugu, English, Hindi","Criminal Law, Property Disputes, Civil Litigation",Known for meticulous approach in criminal and civil cases.,Telangana High Court,https://lawrato.com/advocate-anil-kumar
Anil Kumar,"Hyderabad, Telangana",22,"Telugu, English, Hindi","Criminal Law, Property Disputes, Civil Litigation",Known for meticulous approach in criminal and civil cases.,Telangana High Court,https://lawrato.com/advocate-anil-kumar
Arjun Singh,Chandigarh,20,"English, Hindi, Punjabi","Criminal Law, Cyber Law, Corporate Law",Combines technology and law for cybercrime and corporate cases,Punjab and Haryana High Court,https://lawrato.com/advocate-arjun-singh
Aubrey Abraham Isaac M.,"Providence Road, Ernakulam",5,English,"High Court, Civil, Criminal, Family","Dedicated to civil, criminal, and family matters",High Court of Kerala,https://lawrato.com/advocate-aubrey-abraham-isaac-m
Dario Anthony Chinigo,"212, New York, USA",,"English, Italian, Spanish","Armed Forces Tribunal, Civil, Personal Injury",Trained to present cases effectively in court,,https://lawrato.com/advocate-dario-anthony-chinigo
Deepak Singh,"Kanpur, Uttar Pradesh",13,"Hindi, English","Criminal Law, Bail Matters, Consumer Protection",Handles criminal defense and consumer rights litigation.,Allahabad High Court,https://lawrato.com/advocate-deepak-singh
Deepak Singh,"Kanpur, Uttar Pradesh",13,"Hindi, English","Criminal Law, Bail Matters, Consumer Protection",Handles criminal defense and consumer rights litigation.,Allahabad High Court,https://lawrato.com/advocate-deepak-singh
Harish Patel,"Surat, Gujarat",15,"Gujarati, Hindi, English","Criminal Law, Civil Litigation, Consumer Protection",Well-versed in criminal and consumer dispute resolutions.,Gujarat High Court,https://lawrato.com/advocate-harish-patel
Jacob George,"Shivajinagar, Bangalore",16,,"High Court, Civil, Criminal, Family",Extensive experience in various legal matters,Karnataka High Court,https://lawrato.com/advocate-jacob-george
Jaskaran Singh Chawla,"High Court, Delhi",7,"English, Hindi","Anti Corruption, Cheque Bounce, Child Custody, Civil, Court Marriage, Criminal, Divorce, Documentation, Domestic Violence, Dowry Case, Family, Litigation, PMLA, POCSO Act","Result-oriented, professional, ethical, legal consultancy & advisory","Delhi High Court, District Court Dwarka, District Court Patiala House, District Court Saket, Punjab and Haryana High Court",https://lawrato.com/advocate-jaskaran-singh-chawla
Kanika Sondhi,"Patiala House Court, Delhi",,,"Supreme Court, Criminal, Civil, Family",Trained to present cases effectively in court,"Supreme Court of India, Delhi High Court",https://lawrato.com/advocate-kanika-sondhi
Kavery Anand,"Singasandra, Bangalore",19,"English, Hindi","Anticipatory Bail, Child Custody, Civil, Divorce, Dowry Case, High Court, Litigation, Property, Women","Result-oriented, professional, ethical, legal consultancy & advisory",Karnataka High Court,https://lawrato.com/advocate-kavery-anand
Kavita Desai,"Ahmedabad, Gujarat",14,"Gujarati, English, Hindi","Family Law, Property Law, Civil Litigation",Client-focused approach on family and property disputes,Gujarat High Court,https://lawrato.com/advocate-kavita-desai
Kavita Rao,"Bangalore, Karnataka",16,"Kannada, English, Hindi","Family Law, Property Disputes, Civil Litigation",Expert legal advice on family and property matters.,Karnataka High Court,https://lawrato.com/advocate-kavita-rao
Kavita Rao,"Bangalore, Karnataka",16,"Kannada, English, Hindi","Family Law, Property Disputes, Civil Litigation",Expert legal advice on family and property matters.,Karnataka High Court,https://lawrato.com/advocate-kavita-rao
Manish Agarwal,"Indore, Madhya Pradesh",15,"Hindi, English","Corporate Law, Civil Litigation, Arbitration",Handles corporate disputes and arbitration strategically.,Madhya Pradesh High Court,https://lawrato.com/advocate-manish-agarwal
Manish Agarwal,"Indore, Madhya Pradesh",15,"Hindi, English","Corporate Law, Civil Litigation, Arbitration",Handles corporate disputes and arbitration strategically.,Madhya Pradesh High Court,https://lawrato.com/advocate-manish-agarwal
Meena Rao,"Mysore, Karnataka",12,"Kannada, English, Hindi","Family Law, Property Disputes, Civil Litigation",Focuses on family law and property dispute cases in Karnataka.,Karnataka High Court,https://lawrato.com/advocate-meena-rao
Meera Nair,"Kochi, Kerala",15,"English, Malayalam","Family Law, Property Disputes, Consumer Protection",Compassionate legal assistance in family and property matters,Kerala High Court,https://lawrato.com/advocate-meera-nair
Mohit Gupta,"Gurugram, Haryana",9,"Hindi, English","Criminal Law, Traffic Law, Bail Matters",Strong practice in criminal defense and traffic legal matters,Punjab and Haryana High Court,https://lawrato.com/advocate-mohit-gupta
Mukesh Sharma,"Agra, Uttar Pradesh",17,"Hindi, English","Criminal Law, Bail Matters, Civil Litigation",Reputed for defending clients in criminal cases and bail matters.,Allahabad High Court,https://lawrato.com/advocate-mukesh-sharma
Nandini Iyer,"Chennai, Tamil Nadu",9,"Tamil, English, Hindi","Corporate Law, Intellectual Property, Arbitration",Specializes in corporate legal affairs and IP rights.,Madras High Court,https://lawrato.com/advocate-nandini-iyer
Neha Joshi,"Nashik, Maharashtra",9,"Marathi, Hindi, English","Family Law, Property Disputes, Civil Litigation",Handles family and property disputes with client satisfaction focus.,Bombay High Court,https://lawrato.com/advocate-neha-joshi
Neha Joshi,"Nashik, Maharashtra",9,"Marathi, Hindi, English","Family Law, Property Disputes, Civil Litigation",Handles family and property disputes with client satisfaction focus.,Bombay High Court,https://lawrato.com/advocate-neha-joshi
Nisha Kapoor,New Delhi,10,"Hindi, English","Intellectual Property, Corporate Law, Contract Disputes","Focuses on corporate clients, specializes in IP and contract law",Delhi High Court,https://lawrato.com/advocate-nisha-kapoor
Paavani Chadha,"Fort, Mumbai",12,,"Civil, Criminal, Family, Property",Trained to present cases effectively in court,Bombay High Court,https://lawrato.com/advocate-paavani-chadha
Pooja Singh,Chandigarh,7,"English, Hindi, Punjabi","Criminal Law, Bail Matters, Domestic Violence",Specializes in criminal defense and women’s rights cases.,Punjab and Haryana High Court,https://lawrato.com/advocate-pooja-singh
Pooja Singh,Chandigarh,7,"English, Hindi, Punjabi","Criminal Law, Bail Matters, Domestic Violence",Specializes in criminal defense and women’s rights cases.,Punjab and Haryana High Court,https://lawrato.com/advocate-pooja-singh
Priya Menon,"Kochi, Kerala",10,"Malayalam, English","Family Law, Civil Litigation, Consumer Protection",Dedicated to helping clients with family and civil legal issues.,Kerala High Court,https://lawrato.com/advocate-priya-menon
Priya Sharma,"Jaipur, Rajasthan",12,"Hindi, English, Rajasthani","Criminal Law, Divorce, Child Custody",Dedicated to protecting client rights in family and criminal cases,Rajasthan High Court,https://lawrato.com/advocate-priya-sharma
Priyanka Gupta,"Bhopal, Madhya Pradesh",7,"Hindi, English","Criminal Law, Family Law, Consumer Rights","Focuses on criminal and family law, advocates passionately.",Madhya Pradesh High Court,https://lawrato.com/advocate-priyanka-gupta
Priyanka Gupta,"Bhopal, Madhya Pradesh",7,"Hindi, English","Criminal Law, Family Law, Consumer Rights","Focuses on criminal and family law, advocates passionately.",Madhya Pradesh High Court,https://lawrato.com/advocate-priyanka-gupta
Rahul Kumar Singh,"Patna, Bihar",10,"Hindi, English","Criminal Law, Family Law, Civil Litigation","Specializes in criminal and family law, strong litigation expertise",Patna High Court,https://lawrato.com/advocate-rahul-kumar-singh
Rakesh Kumar,"Patiala, Punjab",18,"Punjabi, Hindi, English","Civil Law, Criminal Law, Property Law",Respected for wide range of practice areas.,Punjab and Haryana High Court,https://lawrato.com/advocate-rakesh-kumar
Rakesh Kumar,"Patiala, Punjab",18,"Punjabi, Hindi, English","Civil Law, Criminal Law, Property Law",Respected for wide range of practice areas.,Punjab and Haryana High Court,https://lawrato.com/advocate-rakesh-kumar
Ramesh Verma,"Lucknow, Uttar Pradesh",18,"Hindi, English","Civil Law, Property Law, Commercial Law","Experienced in civil and commercial litigation, property law",Allahabad High Court,https://lawrato.com/advocate-ramesh-verma
Rekha Singh,"Patna, Bihar",13,"Hindi, English","Family Law, Divorce, Child Custody",Dedicated to resolving family disputes and protecting children.,Patna High Court,https://lawrato.com/advocate-rekha-singh
Richa Gupta,"Ghaziabad, Uttar Pradesh",9,"Hindi, English","Family Law, Divorce, Child Custody",Empathetic legal support in divorce and custody matters.,District Court Ghaziabad,https://lawrato.com/advocate-richa-gupta
Richa Gupta,"Ghaziabad, Uttar Pradesh",9,"Hindi, English","Family Law, Divorce, Child Custody",Empathetic legal support in divorce and custody matters.,District Court Ghaziabad,https://lawrato.com/advocate-richa-gupta
Ritu Verma,"Noida, Uttar Pradesh",8,"Hindi, English","Divorce, Domestic Violence, Family Law",Compassionate legal support in family law.,District Court Noida,https://lawrato.com/advocate-ritu-verma
Ritu Verma,"Noida, Uttar Pradesh",8,"Hindi, English","Divorce, Domestic Violence, Family Law",Compassionate legal support in family law.,District Court Noida,https://lawrato.com/advocate-ritu-verma
Rohit Deshmukh,"Nagpur, Maharashtra",11,"Marathi, Hindi, English","Civil Litigation, Property Disputes, Consumer Protection",Strong track record in civil and consumer cases.,Bombay High Court,https://lawrato.com/advocate-rohit-deshmukh
Rohit Deshmukh,"Nagpur, Maharashtra",11,"Marathi, Hindi, English","Civil Litigation, Property Disputes, Consumer Protection",Strong track record in civil and consumer cases.,Bombay High Court,https://lawrato.com/advocate-rohit-deshmukh
Rohit Sharma,"Dehradun, Uttarakhand",10,"Hindi, English","Criminal Law, Traffic Law, Bail Matters",Specializes in criminal defense and bail applications.,Uttarakhand High Court,https://lawrato.com/advocate-rohit-sharma
Rohit Sharma,"Dehradun, Uttarakhand",10,"Hindi, English","Criminal Law, Traffic Law, Bail Matters",Specializes in criminal defense and bail applications.,Uttarakhand High Court,https://lawrato.com/advocate-rohit-sharma
Sanjay Tiwari,"Varanasi, Uttar Pradesh",19,"Hindi, English","Criminal Law, Civil Litigation, Property Law",Extensive experience in criminal defense and property disputes.,Allahabad High Court,https://lawrato.com/advocate-sanjay-tiwari
Sanjeevrao,Bangalore,16,,"High Court, Civil, Criminal, Family",Extensive experience in various legal matters,Karnataka High Court,https://lawrato.com/advocate-sanjeevrao
Seema Joshi,"Pune, Maharashtra",11,"Marathi, Hindi, English","Family Law, Civil Litigation, Consumer Protection","Handles family disputes and consumer cases, focus on mediation",Bombay High Court,https://lawrato.com/advocate-seema-joshi
Shilpa Puri,"Dwarka, Delhi",22,,"Supreme Court, Criminal, Civil, Family",Trained to present cases effectively in court,"Supreme Court of India, Delhi High Court",https://lawrato.com/advocate-shilpa-puri
Shweta Nair,"Thiruvananthapuram, Kerala",14,"Malayalam, English","Family Law, Civil Litigation, Consumer Protection",Client-friendly approach in family law and consumer protection.,Kerala High Court,https://lawrato.com/advocate-shweta-nair
Shweta Nair,"Thiruvananthapuram, Kerala",14,"Malayalam, English","Family Law, Civil Litigation, Consumer Protection",Client-friendly approach in family law and consumer protection.,Kerala High Court,https://lawrato.com/advocate-shweta-nair
Siddharth Mehta,"Mumbai, Maharashtra",16,"Marathi, Hindi, English","Criminal Law, White Collar Crimes, Arbitration",Skilled in complex criminal cases and arbitration,Bombay High Court,https://lawrato.com/advocate-siddharth-mehta
Smita Das,"Bhubaneswar, Odisha",11,"Odia, Hindi, English","Family Law, Property Disputes, Civil Litigation",Strong client-oriented approach in family and property law.,Orissa High Court,https://lawrato.com/advocate-smita-das
Sneha Mishra,"Lucknow, Uttar Pradesh",8,"Hindi, English","Family Law, Divorce, Domestic Violence","Specializes in sensitive family disputes, mediation, counseling.",Allahabad High Court,https://lawrato.com/advocate-sneha-mishra
Sneha Mishra,"Lucknow, Uttar Pradesh",8,"Hindi, English","Family Law, Divorce, Domestic Violence","Specializes in sensitive family disputes, mediation, counseling.",Allahabad High Court,https://lawrato.com/advocate-sneha-mishra
Suresh Yadav,"Jaipur, Rajasthan",20,"Hindi, English, Rajasthani","Criminal Law, Civil Litigation, Property Law",Thorough knowledge of criminal and civil cases.,Rajasthan High Court,https://lawrato.com/advocate-suresh-yadav
Suresh Yadav,"Jaipur, Rajasthan",20,"Hindi, English, Rajasthani","Criminal Law, Civil Litigation, Property Law",Thorough knowledge of criminal and civil cases.,Rajasthan High Court,https://lawrato.com/advocate-suresh-yadav
Swati Patel,"Vadodara, Gujarat",10,"Gujarati, Hindi, English","Civil Law, Property, Family Law",Expertise in property and family disputes in Gujarat.,Gujarat High Court,https://lawrato.com/advocate-swati-patel
Swati Patel,"Vadodara, Gujarat",10,"Gujarati, Hindi, English","Civil Law, Property, Family Law",Expertise in property and family disputes in Gujarat.,Gujarat High Court,https://lawrato.com/advocate-swati-patel
Tarun Malhotra,"Ludhiana, Punjab",14,"Punjabi, Hindi, English","Corporate Law, Arbitration, Civil Litigation",Skilled in corporate legal services and arbitration.,Punjab and Haryana High Court,https://lawrato.com/advocate-tarun-malhotra
Vikram Patel,"Surat, Gujarat",15,"Gujarati, Hindi, English","Criminal Law, Property Disputes, Consumer Protection",Known for strong defense strategies in criminal and consumer cases.,Gujarat High Court,https://lawrato.com/advocate-vikram-patel
Vikram Patel,"Surat, Gujarat",15,"Gujarati, Hindi, English","Criminal Law, Property Disputes, Consumer Protection",Known for strong defense strategies in criminal and consumer cases.,Gujarat High Court,https://lawrato.com/advocate-vikram-patel
